"","features","n"
"1"," $ki Mask The Slump God",1
"2"," 11",1
"3"," 18 Karat",5
"4"," 2 Chainz",8
"5"," 2 Chainz - Remix",1
"6"," 2 Chainz and Young Dolph",1
"7"," 21 Savage",8
"8"," 2868",1
"9"," 2Chainz - Remix",1
"10"," 2Choice]",1
"11"," 3robi",13
"12"," 5 Seconds of Summer",1
"13"," 50 Cent",1
"14"," 67",1
"15"," 6AM",1
"16"," 6ix9ine",3
"17"," 6lack",1
"18"," 6LACK",2
"19"," 6號@RubberBand",1
"20"," A Boogie wit da Hoodie",1
"21"," A Boogie Wit da Hoodie",3
"22"," A R I Z O N A",1
"23"," A.CHAL",2
"24"," A$AP Ferg",1
"25"," A$AP Ferg and VanJess",1
"26"," A$AP Rocky",10
"27"," Abir",2
"28"," Abraham Mateo",2
"29"," Absofacto",1
"30"," Achille Lauro",2
"31"," Achille Lauro (prod. Boss Doms",1
"32"," Adam Levine",1
"33"," Adam Levine - Remix",1
"34"," Adam Trigger",1
"35"," Adel Tawil",1
"36"," Adje",3
"37"," Against the Current",1
"38"," Agera (feat. Agera",1
"39"," Agnetesh",1
"40"," Agsunta",1
"41"," Agus Padilla",1
"42"," Ahmed Chawki",2
"43"," Ai - Radio Edit",1
"44"," Airliftz",1
"45"," AJ Tracey",1
"46"," AJ x Deno",1
"47"," AK Ausser Kontrolle",1
"48"," Akim",1
"49"," Akon",4
"50"," Akon - feat. Akon",1
"51"," Ala Jaza - Mambo Version",1
"52"," Alejandro Sanz",2
"53"," Aleksander Walmann",1
"54"," Aleksanteri Hakaniemi",1
"55"," Alessia Cara",2
"56"," Alex Aiono",1
"57"," Alexander Oscar",1
"58"," Alexio",1
"59"," Alexis",1
"60"," Alexis La Bestia",1
"61"," Ali As",1
"62"," Ali B",4
"63"," Alice Merton",1
"64"," Alicia Keys",1
"65"," Alida",2
"66"," Alida]",1
"67"," Alif",1
"68"," Alika",1
"69"," Allday",1
"70"," ALMA",2
"71"," ALMA - Acoustic",1
"72"," Almighty",3
"73"," Alonzo",2
"74"," AlunaGeorge",2
"75"," Amanda Bergman",1
"76"," Amara Abonta",1
"77"," Amber Coffman",1
"78"," Amber Van Day",1
"79"," Aminé and Dana Williams",1
"80"," Amir",1
"81"," AMRO",2
"82"," Ana Diaz",1
"83"," Ana Fernandez",1
"84"," Ana Gabriela",1
"85"," Ana Mena",2
"86"," Anderson .Paak",2
"87"," Andre Sarate",1
"88"," Anis Don Demina",2
"89"," Anitta",4
"90"," Anna Abreu",1
"91"," Anna Eriksson",1
"92"," Anna Puu",1
"93"," Annalisa",3
"94"," Annalisa - SDJM Remix",1
"95"," Anne-Marie",3
"96"," Anne-Marie - R3hab Remix",1
"97"," Anne-Marie - Remix",1
"98"," AnnenMayKantereit",1
"99"," Anthony Hamilton",1
"100"," Antony",1
"101"," Anuel",1
"102"," Anuel Aa",6
"103"," Anuel AA",2
"104"," Apocalyptica]",1
"105"," Arcangel",6
"106"," Arcángel",1
"107"," Ardian Bujupi",2
"108"," Ares",1
"109"," Ariadne",1
"110"," Ariana Grande",3
"111"," Arif",2
"112"," Arisa",1
"113"," Arnar",1
"114"," Aron Can",1
"115"," ArtigeArdit",1
"116"," Artists for Puerto Rico",1
"117"," ARY",1
"118"," Asa",1
"119"," Asco",1
"120"," Ashanti",1
"121"," Ashanti - Clean Version featuring Ashanti",1
"122"," Ashdown",1
"123"," Aspova",2
"124"," Astrid S",1
"125"," Atypisk",1
"126"," ATYPISK",1
"127"," AUGUST 08",1
"128"," Austin Lam",1
"129"," Ava Max",3
"130"," Avelino",1
"131"," Avicii",1
"132"," Awa",1
"133"," Awa Imani",1
"134"," AWADA",1
"135"," Ay Em",1
"136"," Aya Nakamura",1
"137"," Ayden",1
"138"," Ayme",1
"139"," Ayşe Akın",1
"140"," Azet",1
"141"," Azzi Memo - Bonustrack",1
"142"," Babes Wodumo",1
"143"," Baby K",1
"144"," Baby Rasta",1
"145"," Bad Bunny",10
"146"," Bamby",1
"147"," Bantu - Spider-Man: Into the Spider-Verse",1
"148"," Bar Z",2
"149"," Bárbara Bandeira",1
"150"," Barbatuques",1
"151"," Bartofso",5
"152"," Bassi Maestro",1
"153"," Bausa",5
"154"," Bca",1
"155"," Bea Miller",1
"156"," Beatrich",1
"157"," Bebe",1
"158"," Bebe Rexha",4
"159"," Bebe Winans",1
"160"," Bebe Winans - feat. Bebe Winans",1
"161"," Bedjik",1
"162"," BEHM",1
"163"," Beltito",1
"164"," ben abraham",1
"165"," Ben Cristovao",1
"166"," Ben Stevenson",1
"167"," BenElGringo",1
"168"," Bengio",1
"169"," Benjamin Clementine",1
"170"," Benjamin Ingrosso",1
"171"," Benji",1
"172"," Benny Jamz",6
"173"," Beret",1
"174"," Bergur Leó",1
"175"," Beta Berk Bayındır",1
"176"," Beteo",1
"177"," Beto Pelaez",2
"178"," Beyoncé",2
"179"," Beyoncé Knowles",1
"180"," Bhavi",1
"181"," BIA",1
"182"," Bialas",1
"183"," Big Narstie",1
"184"," Big Sean",4
"185"," Bigflo",1
"186"," Bigiedagoe",1
"187"," Bill Withers",1
"188"," Billy Raffoul",1
"189"," Bipolar Sunshine",1
"190"," Birnir",5
"191"," Bizi",1
"192"," Bizzey",5
"193"," Björgvin Sigurðsson",1
"194"," Bko",3
"195"," Black Jonas point",1
"196"," Black Jonás Point",1
"197"," blackbear",1
"198"," Blake Shelton",1
"199"," Blasko",1
"200"," Bleache",1
"201"," blink-182",1
"202"," Blizzy",1
"203"," BlocBoy JB",2
"204"," Blow",2
"205"," Bobby Shmurda",1
"206"," Bobso Architect",1
"207"," Boef",5
"208"," Bokoesam",3
"209"," Bollebof",1
"210"," Bonez MC",2
"211"," Bonn",1
"212"," Booba",1
"213"," Bori",1
"214"," Boss Doms",1
"215"," Bosx1ne",1
"216"," Bouchra",1
"217"," BowLand",1
"218"," Boyat",1
"219"," Boykot",1
"220"," Boyz II Men",1
"221"," Boz",1
"222"," Boza",1
"223"," Brace",1
"224"," Brädi",1
"225"," Brädi]",1
"226"," Branco",7
"227"," Brandi Carlile",1
"228"," brando",1
"229"," Brandon Chase]",1
"230"," Brendon Urie",1
"231"," Brent Faiyaz",1
"232"," Bright",1
"233"," Bright Sparks",1
"234"," Broederliefde",1
"235"," Broken Back",1
"236"," Brooke Candy",1
"237"," Brray",1
"238"," Brulux",1
"239"," Bruno Mars",3
"240"," Bruno Mars - feat. Bruno Mars",1
"241"," Brvmsoo",1
"242"," Bryant Myers",8
"243"," Bryce Vine",1
"244"," Bryn Christopher",1
"245"," Bryson Tiller",3
"246"," Brytiago",1
"247"," BTNG",2
"248"," BTS",1
"249"," Bugzy Malone",1
"250"," Burna Boy",1
"251"," Bushido",1
"252"," Busy Signal",1
"253"," Cacife Clandestino",1
"254"," Cali y El Dandee",1
"255"," Cali Y El Dandee",1
"256"," Calin",2
"257"," Cam'ron",1
"258"," Camden Cox",1
"259"," Camélia Jordana",1
"260"," Camila Cabello",4
"261"," Camila Cabello - Spanish Version",1
"262"," Camron",1
"263"," Can Gox",1
"264"," Cande Buasso",1
"265"," Cape Tula",1
"266"," Capital Bra",2
"267"," Capo",1
"268"," Capo Plaza",3
"269"," Cardi B",7
"270"," Cardi B]",1
"271"," Carl Brave x Franco 126",1
"272"," Carlos Andrez",1
"273"," Carly Paige",1
"274"," Carly Simon",1
"275"," Carminho",1
"276"," Carmon",1
"277"," Caroliina",1
"278"," Caroline Ailin",1
"279"," Caroline Pennell",1
"280"," Casanova",1
"281"," Casey Veggies",1
"282"," Cash Flow",1
"283"," Cathrine Lassen",1
"284"," Cazzu",1
"285"," Ceky Viciny",1
"286"," Celo",2
"287"," Ceza",2
"288"," Chance the Rapper",1
"289"," Chance The Rapper",1
"290"," Chance the Rapper]",1
"291"," Chanyeol",1
"292"," Charity Children - Little Rose Remix",1
"293"," Charli XCX",4
"294"," Charlie Puth",1
"295"," Charlie Puth - From ""Furious 7""",1
"296"," Charlie Skien",1
"297"," Charlotte Lawrence",1
"298"," Cheek",2
"299"," Cherrie",1
"300"," Chevy Woods / Never Hesitate (feat. Darrius Willrich)",1
"301"," Chiara",1
"302"," Chich",1
"303"," Chief Keef",2
"304"," Childsplay",1
"305"," Chillouh",1
"306"," China Fox",1
"307"," Chirag",1
"308"," Chirola",1
"309"," Chivv",2
"310"," Cho",1
"311"," Cholo Valderrama",1
"312"," Chris Brown",12
"313"," Chris Jeday",1
"314"," Christel Alsos",2
"315"," Christine And The Queens",1
"316"," Christy Dignam - Live from Dublin",1
"317"," Chronixx",1
"318"," Cito G",1
"319"," Clams Casino",1
"320"," Clandistino",1
"321"," Clara Mae",1
"322"," Clara Mae - Acoustic",1
"323"," Clara Sofie",1
"324"," Cledos",1
"325"," Clementino",1
"326"," CLUBDUB",1
"327"," Clueso",1
"328"," Clueso (feat. Clueso",1
"329"," Coco",1
"330"," CoCo",3
"331"," Coez",6
"332"," Common",1
"333"," Conor Darvid",1
"334"," Conor Maynard",4
"335"," Conor Maynard - Sam Feldt Edit",1
"336"," Conrad Sewell",1
"337"," CORSAK",1
"338"," Cosculluela",5
"339"," Cosmo",1
"340"," Cr7z",1
"341"," Craig David",2
"342"," Crazy Design",1
"343"," Crazy Desing",1
"344"," Cro",1
"345"," Cromo X",1
"346"," Cruz Cafuné",1
"347"," Cultura Profetica",1
"348"," CupcakKe and Pabllo Vittar",1
"349"," Cutty Ranks",1
"350"," CVBZ",1
"351"," Cynthia Luz",1
"352"," Cynthia Montaño",1
"353"," D-Block Europe",1
"354"," Daddy Yankee",6
"355"," Daddy Yankee]",1
"356"," Dadju",3
"357"," Daecolm",1
"358"," Daev Yung",1
"359"," Dalyb",2
"360"," Dâm-Funk",2
"361"," Damian Marley",2
"362"," Damso",1
"363"," Dan Caplen",2
"364"," Dani Filth",1
"365"," Daniel Caesar",1
"366"," Daniel Merriweather",1
"367"," Danny Brown",1
"368"," Danny Saucedo",1
"369"," Danti",2
"370"," Dappy",1
"371"," Darell",1
"372"," Dark Polo Gang",3
"373"," Darkiel",2
"374"," Darren Ashley",1
"375"," Dave",2
"376"," Dave - Edit",1
"377"," Dave B",1
"378"," David Jassy",1
"379"," David Ngyah",1
"380"," David Taylor - Radio Edit",1
"381"," Davido",1
"382"," Davo",1
"383"," Daya",1
"384"," Dayang Nurfaizah",1
"385"," De La Ghetto",3
"386"," De La Soul",1
"387"," De Su",1
"388"," Deb's Daughter",1
"389"," Decco",1
"390"," Deejay Telio",3
"391"," Deejay Télio",1
"392"," Deezy",1
"393"," Deezydavid",2
"394"," DeezyDavid",1
"395"," Deichkind",1
"396"," Delilah Montagu - Edit",1
"397"," Demarco Flamenco",1
"398"," Demi Lovato",3
"399"," Demi Lovato - Seeb Remix",1
"400"," Demi Lovato - Stripped Version",1
"401"," DENM",1
"402"," Denz",1
"403"," Descemer Bueno",1
"404"," Desiigner",2
"405"," Desiigner [Steve Aoki Remix]",1
"406"," Dewain Whitmore",1
"407"," Diamond Deuklo",1
"408"," Diego",1
"409"," Dierks Bentley",1
"410"," Dilsinho",1
"411"," Diplo",2
"412"," Dizzy Wright",1
"413"," DJ Gelv",1
"414"," DJ Khaled",1
"415"," DJ Lucci",1
"416"," DJ Luck",1
"417"," Dj Luian",1
"418"," DJ Maphorisa",1
"419"," DJ Metys",1
"420"," Dj Nelson",1
"421"," DJ Pone",1
"422"," DJ Sliink",1
"423"," DJ Snake",1
"424"," DJ Wirtual",1
"425"," Dms",1
"426"," DNCE",1
"427"," Dodgr",1
"428"," Dok2",1
"429"," Don Omar",1
"430"," Don Omar - Remix",1
"431"," Donna Missal",2
"432"," Dopebwoy",4
"433"," Dr. Dre",1
"434"," Drake",9
"435"," DRAM",3
"436"," Drechter",1
"437"," DrefGold",1
"438"," DrefQuila",1
"439"," Drianu",1
"440"," Dua Lipa",1
"441"," Dua Lipa - Major Lazer VIP Remix",1
"442"," Dubosky",2
"443"," Duki",3
"444"," dvsn",1
"445"," Dymer",1
"446"," Dynell - Remix",1
"447"," Dystinct",2
"448"," E",1
"449"," Ed Sheeran",5
"450"," Edwin Gómez",1
"451"," eetu",1
"452"," Eetu Kalavainen",1
"453"," Eevil Stöö",1
"454"," Efesavage",1
"455"," Ego",4
"456"," Eiqu",1
"457"," Ektor",1
"458"," El Alfa",2
"459"," El B",1
"460"," El Fother",1
"461"," El Mayor Clasico",1
"462"," El Micha",1
"463"," El Nene La Amenaza",1
"464"," El Shick",1
"465"," Eladio Carrion",1
"466"," Elastinen",2
"467"," Ele A El Dominio",1
"468"," Elias",3
"469"," Elias Abbas",1
"470"," Elisa",1
"471"," Elkin Robinson",1
"472"," Ella",1
"473"," Ella Eyre",1
"474"," Ella Mai",1
"475"," Ellee Duke",1
"476"," Ellie Goulding",1
"477"," Ellinoora",2
"478"," Elliphant",1
"479"," Ellis",1
"480"," Ellise",1
"481"," Elodie",1
"482"," Eloy",1
"483"," Elpe",1
"484"," Elton John",1
"485"," Emel",1
"486"," Emeli Sandé",2
"487"," Emelie Cyréus",2
"488"," Emiliano Brancciari",1
"489"," Emilie Adams",1
"490"," Emily Warren",1
"491"," Eminem",2
"492"," Emis Killa",3
"493"," Emma",1
"494"," Emma Muscat",1
"495"," Emmsjé Gauti",1
"496"," Empress Of",1
"497"," Eneli - Midi Culture Remix",1
"498"," Englando",1
"499"," Eno - Young Babos Remix",1
"500"," Enrique Iglesias",1
"501"," Enzo Avitabile",1
"502"," Enzo Dong - RMX",1
"503"," Equalz",1
"504"," Eric Nally",1
"505"," Eric Turner",1
"506"," Ericka Jane",1
"507"," Erik",1
"508"," Erik Lundin",1
"509"," Erika Sirola",1
"510"," Erin",1
"511"," Ermal Meta",1
"512"," Ernia",2
"513"," Esperanza Spalding",1
"514"," Etta",2
"515"," Eugy",1
"516"," Euro Gotit",1
"517"," Eva Guess",1
"518"," Evelina",1
"519"," Eves Laurent",1
"520"," Eye N' I",1
"521"," Ezhel",1
"522"," F1rstman",1
"523"," Fabolous",2
"524"," Fabri Fibra",6
"525"," Fabri Fibra - RMX",1
"526"," Fabri Fibra (prod. Dr. Cream)",1
"527"," Faija Koo",1
"528"," Faith Evans",1
"529"," Faizal Tahir",1
"530"," Faktoi",1
"531"," Famous Dex",1
"532"," Faouzia",1
"533"," Farid Bang",10
"534"," Farruko",14
"535"," Fatal",2
"536"," Fatboy L",1
"537"," Faustix",1
"538"," feat. Pirata",1
"539"," Fecho",1
"540"," Federica",1
"541"," Federica Carta",1
"542"," Feid",1
"543"," FELIX SANDMAN",1
"544"," Felix Snow",1
"545"," Fenix Flexin",1
"546"," Ferrugem - Ao Vivo",1
"547"," Fetty Wap",3
"548"," Finess",1
"549"," First Aid Kit",2
"550"," Flo Rida",1
"551"," Floni",2
"552"," Florida Georgia Line",2
"553"," Flow-G",1
"554"," Flux Pavilion",1
"555"," Fobia Kid",2
"556"," Fonseca",1
"557"," Foster The People",1
"558"," Foxy Brown",1
"559"," Frah Quintale",2
"560"," Francesca Michielin",2
"561"," Francesco Yates",1
"562"," Franco 126",1
"563"," Franco126",1
"564"," Frank Ocean",1
"565"," Frank Sinatra",1
"566"," Frank Wild",1
"567"," Fredo",2
"568"," French Montana",4
"569"," French Montana - Remix",1
"570"," Frenna",2
"571"," Friðrik Dór",1
"572"," Frisco",1
"573"," FRND",1
"574"," Frsh",1
"575"," Fuego",1
"576"," Future",10
"577"," Future - From SR3MM",1
"578"," Future and 24hrs",1
"579"," Future and Swae Lee",1
"580"," G-DRAGON",1
"581"," G-Eazy",5
"582"," G.bit - prod. Low Kidd",1
"583"," Gasellit",1
"584"," Gavin James",2
"585"," Gaye Su Akyol",1
"586"," GDRN",3
"587"," Geechi",2
"588"," Geike Arnaert",1
"589"," Gemello",1
"590"," Gemitaiz",6
"591"," Gente de Zona",2
"592"," Geolier",1
"593"," George Benson",1
"594"," Getinjo",1
"595"," Ghali",2
"596"," Ghemon",1
"597"," Ghetts and J Hus",1
"598"," Giggs",2
"599"," Gigolo y La Exce",1
"600"," Gilli",7
"601"," Gilvan de Oliveira",1
"602"," Gimmz",1
"603"," Gio",2
"604"," Giorgio Poi",1
"605"," Giulia Jean",2
"606"," Giusy Ferreri",1
"607"," GKR",1
"608"," Glen Faria",2
"609"," Gordi",1
"610"," GoToGuy",1
"611"," Gow Tribe",1
"612"," Grace Jones",1
"613"," Gracias",3
"614"," Gradur",3
"615"," Graham Candy",1
"616"," Grandmaster Caz",1
"617"," Grido",1
"618"," Grimes",1
"619"," Gringo",1
"620"," Grizzly",1
"621"," Gson",1
"622"," Gucci Mane",19
"623"," Gucci Mane - Remix",1
"624"," Guè Pequeno",9
"625"," Guè Pequeno - RMX",1
"626"," Gunna",13
"627"," Gustas Mio",1
"628"," H.E.R.",3
"629"," Haftbefehl",1
"630"," Haile WSTRN",1
"631"," Hailee Steinfeld",3
"632"," Halsey",1
"633"," Ham VolKan",1
"634"," Hamouda",1
"635"," Hamza",2
"636"," Han Suji",1
"637"," Hanne Mjøen",1
"638"," Hanybal - Bonustrack",1
"639"," Hardy Caprio",1
"640"," Haristone",1
"641"," Hasan",1
"642"," Hatorihanza",1
"643"," Haval",1
"644"," Hayko - Maître Gims Remix",1
"645"," Hayko Cepkin",1
"646"," Hayla]",1
"647"," Hayley Kiyoko - Trifect Remix",1
"648"," Hayley Williams",1
"649"," Hayley]",1
"650"," Headie One",1
"651"," Hearts",1
"652"," Hedegaard",1
"653"," Hef",2
"654"," Heikki Kuula",3
"655"," Helene Bøksle",1
"656"," Helgi B",1
"657"," Helgi Sæmundur",1
"658"," Henkie T",1
"659"," Henkie T.",1
"660"," Henrique",1
"661"," Herman Dahl",1
"662"," Herra Hnetusmjör",3
"663"," HesaÄijä",1
"664"," Heuss l'Enfoiré",1
"665"," Heuss L'enfoiré",1
"666"," HIDE (GReeeeN)",1
"667"," HiDoraah",1
"668"," Himalaya",1
"669"," Hjörtur",1
"670"," Hkeem",2
"671"," Holly",1
"672"," Hoodboi",1
"673"," Hös",1
"674"," Huginn",1
"675"," Huginn] (Bonus Track",1
"676"," Huntar",1
"677"," Hussa",1
"678"," Hwasa Of MAMAMOO",1
"679"," IBE",2
"680"," Ibeyi",1
"681"," Ice Prince",1
"682"," ICEKIID",1
"683"," Icona Pop",1
"684"," Ida Paul",1
"685"," Idaly",1
"686"," Idea",1
"687"," Idris Elba",1
"688"," Il Profeta",1
"689"," iLe",1
"690"," ILoveMakonnen",1
"691"," Ilta",3
"692"," Ina - Radio Edit",1
"693"," Indiiana",1
"694"," Inês Herédia",1
"695"," iNoah",1
"696"," Irfane",1
"697"," iri",1
"698"," iri (80KIDZ Remix",1
"699"," IRO",1
"700"," Isabelle Eriksen",1
"701"," ISÁK",1
"702"," Iselin",1
"703"," Ishkee",1
"704"," Itawe",1
"705"," IU",1
"706"," Ivan Ferreiro",1
"707"," Ivete Sangalo",1
"708"," Izi",3
"709"," Izzyy",1
"710"," J Alvarez",2
"711"," J Balvin",8
"712"," J Balvin]",1
"713"," J-Ax",1
"714"," J-AX",3
"715"," J. Balvin",1
"716"," J. Cole",4
"717"," J. Cole - Freestyle",1
"718"," J.Cole",1
"719"," Ja Rule and Ralph Tresvant",1
"720"," Ja Rule and Ralph Tresvant - Club Edit",1
"721"," Jaakko Laitinen",1
"722"," Jack the Smoker - prod. tha Supreme",1
"723"," Jackson Wang",1
"724"," Jaden Smith",1
"725"," Jahmiel",1
"726"," Jairzinho",1
"727"," Jake Bugg",1
"728"," Jake La Furia",2
"729"," Jake Reese",2
"730"," Jakub Dekan",1
"731"," James Arthur",3
"732"," James Blunt",1
"733"," James Droll",1
"734"," James Newman",1
"735"," James Taylor",1
"736"," Jamie Principle",1
"737"," Jamie Scott",1
"738"," Jamil",1
"739"," Jamule",1
"740"," Jan Smit",1
"741"," Jandro",1
"742"," Janelle Monáe",1
"743"," Janelle Monáe - feat. Janelle Monae",1
"744"," Jānis Krūmiņš",1
"745"," Janna",1
"746"," Japanese Wallpaper",1
"747"," Jasko",3
"748"," Jasmine Ash",1
"749"," Jasmine Thompson",2
"750"," Jasmine Thompson]",1
"751"," Jason Derulo",2
"752"," JAY",1
"753"," Jay 305",1
"754"," Jay Critch",2
"755"," Jay Park]",1
"756"," Jay-Z",1
"757"," JAY'ED - Original Duet Version",1
"758"," Jayboogz",1
"759"," Jayden",1
"760"," Jayh",1
"761"," JayKoppig",1
"762"," Jboy",1
"763"," Jedidi",1
"764"," Jehnny Beth",1
"765"," Jeijjo",1
"766"," Jelassi",1
"767"," Jem Cooke",1
"768"," Jenn Morel",1
"769"," Jenna Alexa",1
"770"," Jenna McDougall",1
"771"," Jenni Vartiainen",1
"772"," Jennifer Lopez",2
"773"," Jeremih",3
"774"," Jeremih and PnB Rock",1
"775"," Jeremy Renner]",1
"776"," Jerrod Niemann",1
"777"," Jesper Jenset",1
"778"," Jess Glynne",6
"779"," Jesse",1
"780"," Jessie Reyez",4
"781"," Jessie Ware",1
"782"," Jeycyn]",1
"783"," JFDR",1
"784"," JHart",1
"785"," Jhorrmountain",1
"786"," Jickson",3
"787"," Jimilian",3
"788"," Jimmy Wopo and Hardo",1
"789"," Jireel",3
"790"," JJJ",2
"791"," JME",3
"792"," Joe Craze]",1
"793"," Joe Killington",2
"794"," Joe Moses",1
"795"," Joey Bada$$",1
"796"," Joey Christ",1
"797"," JoeyAK",1
"798"," John Grant",1
"799"," John Legend",1
"800"," John Martin]",1
"801"," John Newman",2
"802"," John Ryan",1
"803"," JohnDo",1
"804"," Johnny Marsiglia",1
"805"," Joji",1
"806"," Jok'air",1
"807"," Jon Bellion",1
"808"," Jón Jónsson",1
"809"," Jon Z",5
"810"," Jonas Benyoub",1
"811"," Jonn Hart",1
"812"," Jonna Fraser",3
"813"," Jonne Aaron",1
"814"," Joryboy",1
"815"," Joshi Mizu",1
"816"," Josie Dunne",1
"817"," Joss Stone",1
"818"," Josylvio",8
"819"," Jovi Rockwell",1
"820"," Joyba",1
"821"," Joyner Lucas",1
"822"," Jozo",1
"823"," Jozzy",1
"824"," JP Cooper",1
"825"," Juan Luis Guerra",2
"826"," Juan Magán",1
"827"," Juanka",1
"828"," Juanka El Problematik",1
"829"," Judah",1
"830"," Juice WRLD",4
"831"," Juicy J",2
"832"," Juicy J - From SR3MM",1
"833"," Juju",2
"834"," Jukka poika",1
"835"," Jul",1
"836"," Julia Michaels",4
"837"," Julia Michaels - Acoustic",1
"838"," Julia Michaels - Cahill Remix",1
"839"," Julia Michaels - Matoma Remix",1
"840"," Julia Michaels - Yungen Remix",1
"841"," Julia Stone",1
"842"," Juliander",1
"843"," Juno",1
"844"," Juno - Jaron",1
"845"," Justin Bieber",4
"846"," Justin Bieber - FRNDS Remix",1
"847"," Justin Bieber - R3hab Remix",1
"848"," Justin Bieber - Seeb Remix",1
"849"," Justine Skye",1
"850"," Justsesomali",1
"851"," JVG",6
"852"," JW",1
"853"," K-Slicc",1
"854"," K27",1
"855"," Kaaris",2
"856"," Kaaris x Dj Mc Fly",1
"857"," Kadhja Bonet",1
"858"," Kaka",1
"859"," Kalado",1
"860"," Kalash Criminel",1
"861"," Kalben",1
"862"," Kali",1
"863"," Kali Uchis",2
"864"," Kaliffa",1
"865"," Kamelen",1
"866"," Kamille",1
"867"," Kandy King",1
"868"," Kane Brown",1
"869"," Kanye West",6
"870"," Kap G",1
"871"," Karen Firlej",1
"872"," Karlae",1
"873"," Karlo",1
"874"," Karol G - Sua Cara Remix",1
"875"," KARRA",1
"876"," KARU",1
"877"," Kasmir",1
"878"," Kat Edmonson",1
"879"," Kat Frankie",1
"880"," Katie Keller",1
"881"," Katrine Stenbekk",1
"882"," Katy Perry",1
"883"," Katya",1
"884"," Kayla Diamond",1
"885"," Kaytranada",1
"886"," KAYTRANADA",1
"887"," KC Rebell",5
"888"," Kehlani",7
"889"," Kehlani - Extended Version",1
"890"," Kehlani [Remix]",1
"891"," Keko Salata",1
"892"," Kelli-Leigh",1
"893"," Kellin",1
"894"," Kelly Clarkson",1
"895"," Kelly Poon",1
"896"," Kelly Rowland",1
"897"," Kelly Rowland - feat. Kelly Rowland",1
"898"," Kelsea Ballerini",1
"899"," Kempi",1
"900"," Kendo",1
"901"," Kendrick Lamar",8
"902"," Kenny B",1
"903"," Kesha",1
"904"," Kesi",3
"905"," Ketama126",1
"906"," Kev",1
"907"," Kevin",4
"908"," Kevin Gates",2
"909"," Kevin Gates and Quando Rondo",1
"910"," Kevin Roldan",2
"911"," Key Glock",1
"912"," Kezzo",1
"913"," Khalid",8
"914"," Khea",2
"915"," Kid Cudi",2
"916"," Kid Cudi - feat. Kid Cudi",1
"917"," Kid de Blits",1
"918"," KID FRESINO",1
"919"," Kid Ink",1
"920"," Kiiara",6
"921"," Kiiara - Tyron Hapi Remix",1
"922"," kiLL edward",2
"923"," Kilo",1
"924"," Kilo Kish",1
"925"," Kim Petras and Jay Park",1
"926"," Kimbra",1
"927"," Kin$oul",1
"928"," King Badger",2
"929"," King Draino",1
"930"," Kingfish",1
"931"," Kingsize",2
"932"," Kirk Knight",1
"933"," Kirsty MacColl",1
"934"," Kizz Daniel",1
"935"," Klave",1
"936"," klei",1
"937"," Km",1
"938"," Knox Fortune",1
"939"," Koba LaD",1
"940"," Kodak Black",3
"941"," Kodigo",1
"942"," Kollegah",1
"943"," Kollegah - Bonustrack",1
"944"," Kombilesa Mí",1
"945"," Konshens",1
"946"," Konshens]",1
"947"," Kontra K",1
"948"," Kontra K - Kontra K Version",1
"949"," Kontra K and AK Ausserkontrolle",1
"950"," Kool Moe Dee",1
"951"," Kool Savas",1
"952"," Kristen Marie",1
"953"," Króli",2
"954"," Krzysztof Antkowiak",2
"955"," Kube",4
"956"," Kuningas Pähkinä",1
"957"," Kurdo",2
"958"," Ky-Mani Marley",1
"959"," L.O.C.",1
"960"," L.V.",1
"961"," La Manta",1
"962"," Labrinth",1
"963"," Lacrim",1
"964"," Lacrim - RMX",1
"965"," Laguardia",1
"966"," Laksida",1
"967"," Lalo Ebratt",2
"968"," Lamix",1
"969"," Landon Cube",2
"970"," Lange Ritch",1
"971"," Laruzo",1
"972"," Lary Over",4
"973"," Laudic",1
"974"," Lazza",1
"975"," Léa Castel",1
"976"," Léa Paci - French Edit",1
"977"," Leafs - Leafs Remix",1
"978"," Lean",1
"979"," Lee Fields",1
"980"," LEE HI",1
"981"," Lefa",1
"982"," Lenny Tavarez",1
"983"," Lenny Tavárez",1
"984"," LEO",1
"985"," León Larregui - MTV Unplugged",1
"986"," Leos Mares",1
"987"," Leslie Tay",2
"988"," Lex Press",2
"989"," Lexotan - prod. tha Supreme",1
"990"," Lhast",1
"991"," Lijpe",10
"992"," lil aaron",1
"993"," Lil Baby",6
"994"," Lil Bege",1
"995"," Lil Dotz",1
"996"," Lil Durk",1
"997"," Lil Hawaii",1
"998"," Lil Lano",2
"999"," Lil Pin",1
"1000"," Lil Pump",6
"1001"," Lil Pump - Bonus Track",1
"1002"," Lil Skies",1
"1003"," Lil Uzi Vert",9
"1004"," Lil Wayne",9
"1005"," Lil Wayne - Remix",1
"1006"," Lil Wayne - Spotify Version",1
"1007"," Lil Wayne]",1
"1008"," Lil Yachty",13
"1009"," Lil Yachty - Alan Walker Remix",1
"1010"," Lil' Kleine",1
"1011"," Lily Kershaw - French Version",1
"1012"," Lily Mckenzie",1
"1013"," Lincoln Jesser",1
"1014"," Linda Pira",2
"1015"," Linnea Henriksson - Singelversion",1
"1016"," Lionel Ferro",1
"1017"," Liro Shaq",1
"1018"," LissA",1
"1019"," Lit Killah",1
"1020"," Little Simz",1
"1021"," Liv Dawson",1
"1022"," Ljónið - Interlude",1
"1023"," Lo$Ta",1
"1024"," Logi Pedro",1
"1025"," Logic",1
"1026"," Lomepal - Lomepal Version",1
"1027"," Loredana - Remix",1
"1028"," Loredana Bertè",1
"1029"," Lorentz",1
"1030"," Los Macorinos",4
"1031"," Loski",1
"1032"," Lothepus",1
"1033"," Loui Vos",1
"1034"," Louis",1
"1035"," Louisa Johnson",1
"1036"," Louivos",1
"1037"," LouiVos",7
"1038"," Lourdiz",1
"1039"," Lovespeake",1
"1040"," LP",1
"1041"," LR Ley Del Rap",1
"1042"," Luan Santana - Ao Vivo",1
"1043"," Luana Kiara",1
"1044"," Lucas",1
"1045"," Lucass",2
"1046"," Lucc",1
"1047"," Luccas Carlos",1
"1048"," Luchè",5
"1049"," Luciano",2
"1050"," Ludmilla",1
"1051"," Ludmilla - Remix",1
"1052"," Lukas Meijer",2
"1053"," Luvli - Krono Remix",1
"1054"," Lvcas Dope",4
"1055"," LX",1
"1056"," Lyan",2
"1057"," Lykke Li",1
"1058"," M Huncho",1
"1059"," Mabel",1
"1060"," Macklemore",3
"1061"," Madcon",1
"1062"," MadeinTYO",2
"1063"," Madi Banja",2
"1064"," Madison Beer",1
"1065"," Madison Gold",1
"1066"," Madman",5
"1067"," Madman - prod. Strage",1
"1068"," Madonna",1
"1069"," Maestro",1
"1070"," Mahalia",1
"1071"," Mahan Moin",1
"1072"," Mahku",3
"1073"," Mahmood",1
"1074"," Maiara",1
"1075"," Maikel Delacalle",1
"1076"," Maite Perroni",1
"1077"," Maître Gims",2
"1078"," Majk",1
"1079"," Majk Spirit",1
"1080"," Majoe",1
"1081"," Major Lazer",2
"1082"," Maki",1
"1083"," Mäkki",2
"1084"," Mala Rodríguez",1
"1085"," Maleek Berry",1
"1086"," Malisha Bleau",1
"1087"," Mallrat",1
"1088"," Maluma",10
"1089"," Maluma - Remix",1
"1090"," Mambo Kingz",1
"1091"," MamboLosco",1
"1092"," MAMIKO[chelmico]",1
"1093"," Mansa",1
"1094"," Manuel Delgado",1
"1095"," Manuel Medrano",1
"1096"," Manuel Turizo",2
"1097"," Manuel Turizo - Remix",1
"1098"," Mapei",2
"1099"," Marc Anthony",1
"1100"," Marc E. Bassy",1
"1101"," Marcell",2
"1102"," Marco Rahim",1
"1103"," Marika",1
"1104"," Marília Mendonça",1
"1105"," MARINA",1
"1106"," Marina Kaye",1
"1107"," Mario Cash",1
"1108"," Mariska",2
"1109"," Mark Hoppus",1
"1110"," Märkä Simo",1
"1111"," Marko Penn",1
"1112"," Marpo",1
"1113"," Marshmello",1
"1114"," Martin Gallop",1
"1115"," Martin Machore",1
"1116"," Marvin Brooks",1
"1117"," Mary Lambert",1
"1118"," Mãs",1
"1119"," Mase",1
"1120"," Masego",1
"1121"," Mataya",1
"1122"," Mateus Carrilho",1
"1123"," Matheus",2
"1124"," Matias Damásio - Portuguesa",1
"1125"," Matilda",2
"1126"," Matthildur",1
"1127"," Maty Noyes",1
"1128"," Matys",1
"1129"," Mau y Ricky",1
"1130"," Maverick Sabre",1
"1131"," Mavis Staples",2
"1132"," MAX",2
"1133"," Max Gazzé",1
"1134"," Max Gazzè",2
"1135"," Maya Avedis",1
"1136"," Mayer Hawthorne",1
"1137"," Mayer Hawthorne - Radio Edit",1
"1138"," MC Bin Laden",3
"1139"," MC G15",1
"1140"," MC ZUKA",1
"1141"," Mecna",1
"1142"," Meek Mill",3
"1143"," MEGA-Ertsi",1
"1144"," Meghan Trainor",2
"1145"," Melendi",1
"1146"," Melii]",1
"1147"," Melina",1
"1148"," Melle Mel",1
"1149"," MellemFingaMuzik",1
"1150"," Meron Ryan",1
"1151"," Meryl",1
"1152"," Messiah",1
"1153"," Messiah - Latin Trap Remix",1
"1154"," MG",1
"1155"," MHD",4
"1156"," Miami Yacine",1
"1157"," Michael McCrae",1
"1158"," Michel Dida",1
"1159"," Michele Bravi",1
"1160"," Migos",4
"1161"," Miguel",3
"1162"," Miguel Duarte",1
"1163"," Mikael Gabriel",2
"1164"," Mike Bahía - Remix",1
"1165"," Mike Shinoda",1
"1166"," Miky Woodz",3
"1167"," Miley Cyrus",1
"1168"," Millie Go Lightly",1
"1169"," Milo",1
"1170"," Mira Luoti",1
"1171"," Miranda Glory",1
"1172"," Miranda Lambert",1
"1173"," MISS JANNI",1
"1174"," Miss Li",2
"1175"," Missy Elliott",2
"1176"," MKLA",1
"1177"," MNDR",1
"1178"," MNEK",2
"1179"," MØ",8
"1180"," Mo Temsamani",1
"1181"," MocroManiac",1
"1182"," Moé",1
"1183"," Moe Phoenix",2
"1184"," Mogli",1
"1185"," Moksi",1
"1186"," Molly Sandén",1
"1187"," Monchi",1
"1188"," Moneybagg Yo",1
"1189"," Monita Tahalea",1
"1190"," Mons Berry",1
"1191"," Morgado",1
"1192"," Mosta Man",1
"1193"," MoStack",4
"1194"," Mostro",1
"1195"," MOTi",1
"1196"," Motrip",1
"1197"," MoTrip",2
"1198"," Mozart la Para",1
"1199"," Mozzy",1
"1200"," Mph",1
"1201"," Mr Eazi",3
"1202"," Mr.Rain",1
"1203"," Ms. D",2
"1204"," Mugisho and Julie Bergan",1
"1205"," Mula B",13
"1206"," Murda Beatz",1
"1207"," Murdrocks",1
"1208"," Murro",1
"1209"," Muti",3
"1210"," Mwuana",2
"1211"," Mym",1
"1212"," N.O.S",1
"1213"," Näääk",1
"1214"," NaBrisa",1
"1215"," Nacho",2
"1216"," Nafe Smallz",1
"1217"," Nahuel Pennisi",1
"1218"," Namika]",1
"1219"," Naomi Wild",1
"1220"," Nas",1
"1221"," Nasri of MAGIC!",1
"1222"," Nasty C",2
"1223"," Natalia Jiménez",1
"1224"," Natan El Profeta",1
"1225"," Natti Natasha",1
"1226"," Naturally 7",1
"1227"," Naturally 7 - Bonus Track",1
"1228"," Nav",1
"1229"," NAV",5
"1230"," Navy Blue",1
"1231"," Nayt",2
"1232"," Ne-Yo",1
"1233"," Neffa",1
"1234"," Nego do Borel",1
"1235"," NEIKED",1
"1236"," NEIMY",1
"1237"," Nekfeu",3
"1238"," Nelli Matula",1
"1239"," Nelly",1
"1240"," Nemir",1
"1241"," Nengo Flow",3
"1242"," Ñengo Flow",1
"1243"," Neri per caso",1
"1244"," Nerone",1
"1245"," Neset Ertas",1
"1246"," Nessi",1
"1247"," Nevve",2
"1248"," Niall Horan",1
"1249"," Nicki Minaj",23
"1250"," Nicky Jam",7
"1251"," Nicky Jam - Remix",2
"1252"," Nicky Jam - Urban Version",1
"1253"," Nielson",1
"1254"," Nightly",1
"1255"," Nijo",1
"1256"," Nik",1
"1257"," Nik Tendo",3
"1258"," NIKI",1
"1259"," Nikke Ankara",2
"1260"," Nikke Ankara]",1
"1261"," Nikki Vianna",1
"1262"," Nimo",6
"1263"," Nina Nesbitt",1
"1264"," Nines",1
"1265"," Ninho",8
"1266"," Nino Freestyle",1
"1267"," Nipsey Hussle",1
"1268"," Niqo Nuevo",1
"1269"," Niska",3
"1270"," Nitro",3
"1271"," Nitro - RMX (prod Kanesh)",1
"1272"," Nivea",1
"1273"," No.1",1
"1274"," Noah Cyrus",2
"1275"," Noah Cyrus - R3HAB Remix",1
"1276"," NoCap",1
"1277"," NODE",3
"1278"," Noemi",1
"1279"," Norelle",1
"1280"," Noriel",6
"1281"," Normani",1
"1282"," Not3s",4
"1283"," Noyz Narcos",2
"1284"," NSTASIA",1
"1285"," Nublu",1
"1286"," Numidia",1
"1287"," Nura",1
"1288"," Nyck Caution",1
"1289"," Nyla",2
"1290"," Nyno Vargas",1
"1291"," ODA",1
"1292"," Ode",1
"1293"," Offset",12
"1294"," Offset and Tyga",1
"1295"," Offset and Young Scooter",1
"1296"," OG Keemo",1
"1297"," OG Version",1
"1298"," Oh Wonder",1
"1299"," Ohgeesy",1
"1300"," Ohmondieusalva",1
"1301"," Ola Lustig",1
"1302"," Olexesh",3
"1303"," Oliver Rosa",1
"1304"," olivia o'brien",1
"1305"," Olli Banjo",1
"1306"," Omar",1
"1307"," Omar LinX",1
"1308"," One Acen",1
"1309"," OneRepublic",2
"1310"," OnklP",1
"1311"," Oral Bee",1
"1312"," Orelsan",3
"1313"," Orgi-E",1
"1314"," Original Fat",2
"1315"," Osquel",1
"1316"," Osso",1
"1317"," Otieno Terry",1
"1318"," Otsochodzi",1
"1319"," Ozols",1
"1320"," Ozuna",13
"1321"," Ozuna]",1
"1322"," Ozzy",1
"1323"," PA Sports",1
"1324"," Pabllo Vittar",1
"1325"," Pablo Martins",1
"1326"," Pablo Villatoro",1
"1327"," Paleface",1
"1328"," Paluch",1
"1329"," Paola Imprudente",1
"1330"," Paperi T",3
"1331"," PARTYNEXTDOOR",3
"1332"," Patoranking",1
"1333"," Patron",1
"1334"," Paula Douglas",1
"1335"," Paulie Garand",1
"1336"," Paulo Londra",1
"1337"," PAY",1
"1338"," PeeWee",1
"1339"," Pelihagen",1
"1340"," Pepe Willberg",1
"1341"," Pernilla Andersson",1
"1342"," Pete Parkkonen",6
"1343"," Petra",1
"1344"," Petri Nygård",1
"1345"," Peven Everett",2
"1346"," Pharrell",1
"1347"," Pharrell Williams",5
"1348"," Pharrell] [Radio Edit]",1
"1349"," Phoebe Bridgers",1
"1350"," Phresher",1
"1351"," Pi'erre Bourne",1
"1352"," Pietju Bell",1
"1353"," Pietro Lombardi",1
"1354"," Pink",1
"1355"," Piso 21",1
"1356"," Pitbull",1
"1357"," Play69",2
"1358"," Playboi Carti",1
"1359"," PnB Rock",5
"1360"," Pokac",1
"1361"," Polina Griffith]",1
"1362"," Popcaan",1
"1363"," Portugal. The Man",1
"1364"," Pouya",1
"1365"," Prago Union",1
"1366"," Pretty Sister",1
"1367"," Pretty Solero",1
"1368"," Priestess",4
"1369"," Primo Brown",1
"1370"," Prince Charlez",1
"1371"," Prince Royce",1
"1372"," Princess Nokia",1
"1373"," Problem",1
"1374"," Protoje",1
"1375"," Pusha T and Stormzy",1
"1376"," Pusho",2
"1377"," Pyhimys",2
"1378"," Pyhimys [Vain elämää kausi 9]",1
"1379"," Pyramids",1
"1380"," Q",1
"1381"," Quavo",11
"1382"," Quebonafide",1
"1383"," Queen Naija",1
"1384"," Quentin40",1
"1385"," Quimico Ultra Mega",1
"1386"," Quinn XCII",1
"1387"," R. City",2
"1388"," Raappana",2
"1389"," Rabanes",1
"1390"," Rae Sremmurd",2
"1391"," Raf Camora",1
"1392"," RAF Camora",3
"1393"," Rag'n'Bone Man",2
"1394"," Rahzel",1
"1395"," Rakim",1
"1396"," Raleigh Ritchie",1
"1397"," Rambo",1
"1398"," Ramón",1
"1399"," Rancore",2
"1400"," RAY BLK",1
"1401"," Ray Dalton",1
"1402"," RAYE and Jake Gosling",1
"1403"," Red",1
"1404"," Red Coldhearted",1
"1405"," Reeta",1
"1406"," reezy",2
"1407"," Reginae Carter",1
"1408"," Reignwolf",1
"1409"," Reik",1
"1410"," Reino Nordin",3
"1411"," Remy Boyz",1
"1412"," Renne Dang",1
"1413"," Reo Cragun",1
"1414"," Rest",3
"1415"," ReTo",1
"1416"," Rev",1
"1417"," Reykon",1
"1418"," RH",2
"1419"," RH Las",1
"1420"," Rich",1
"1421"," Rich the Kid",1
"1422"," Rich The Kid",2
"1423"," Rick Ross",1
"1424"," Rico",3
"1425"," Rico Love",1
"1426"," Rihanna",3
"1427"," Rio Santana",1
"1428"," Rita Ora",1
"1429"," Rita Ora Alan Walker Remix",1
"1430"," Rivers Cuomo",2
"1431"," Rkomi",5
"1432"," Rob Thomas",1
"1433"," Robin Zoot",2
"1434"," Robinson Damian",1
"1435"," Rocco Hunt",1
"1436"," Rochelle",1
"1437"," Roddy Ricch and Young Thug",1
"1438"," Roméo Elvis",1
"1439"," Ronnie Flex",3
"1440"," Rosalía",1
"1441"," ROSALÍA",1
"1442"," Roseck",1
"1443"," ROSII",1
"1444"," Royce Da 5'9",1
"1445"," Ruben Annink",1
"1446"," Rubinsky Rbk",1
"1447"," RuCL]",1
"1448"," Rudimental",1
"1449"," Russ",1
"1450"," Ryan Tedder",1
"1451"," Rylo Rodriguez",1
"1452"," Rytmus",1
"1453"," S.Barracuda",1
"1454"," S.Pri Noir",1
"1455"," Saba",1
"1456"," Sabina Ddumba - Recorded at Spotify Studios Stockholm",1
"1457"," Sabina Ddumba - Recorded At Spotify Studios Stockholm",1
"1458"," Sadek",1
"1459"," SAFE",1
"1460"," Sage The Gemini",2
"1461"," Sagopa K",1
"1462"," Saint Claire",1
"1463"," Salka Sól",2
"1464"," Salmo",1
"1465"," Sam Martin",2
"1466"," Sam Smith",1
"1467"," Sam-E",1
"1468"," Sami",1
"1469"," SAMI",1
"1470"," Sami Saari",1
"1471"," Sammy",1
"1472"," Samra",5
"1473"," Samuel Heron",2
"1474"," Samuli Edelmann",1
"1475"," Sandra Hussein",1
"1476"," Sandro Cavazza",1
"1477"," Santa Fe Klan",1
"1478"," Sarah",1
"1479"," Sarah McLachlan",1
"1480"," Särre",1
"1481"," Sasha",1
"1482"," Sasha Sloan",3
"1483"," Saul",2
"1484"," Saweetie",2
"1485"," SBMG",3
"1486"," Scarface",1
"1487"," Scarlett Quinn",1
"1488"," SCH",2
"1489"," ScHoolboy Q",1
"1490"," Sdóri",1
"1491"," Sean Kingston",1
"1492"," Sean Ono Lennon",1
"1493"," Sean Paul",3
"1494"," Sebas",1
"1495"," Sebastian Noto",1
"1496"," Sebastian Yatra",1
"1497"," Sech",1
"1498"," Secreto El Famoso Biberon",1
"1499"," Seezyn",1
"1500"," Şehinşah",2
"1501"," Seksikäs-Suklaa",1
"1502"," Selena Gomez",2
"1503"," Separ",1
"1504"," Serayah",1
"1505"," Sergei Barracuda",1
"1506"," Server Uraz",1
"1507"," SEUNGRI",1
"1508"," Sevn",1
"1509"," Sevn Alias",6
"1510"," Sezen Aksu",1
"1511"," Sfera Ebbasta",6
"1512"," Shade",1
"1513"," Shade - prod. Frenkie G",1
"1514"," Shaka Loveless",1
"1515"," Shakira",1
"1516"," Shakka",1
"1517"," Sharaya J",1
"1518"," Sharlota",1
"1519"," Sharon",1
"1520"," Sheryl Shazwanie",1
"1521"," Shlohmo",1
"1522"," Sholivery",2
"1523"," Shungudzo",2
"1524"," Shy Martin",2
"1525"," si_el_bien",1
"1526"," Sia",3
"1527"," Sick Luke",1
"1528"," Sidnie Tipton",1
"1529"," Silvana Imam",1
"1530"," Silvestre Dangond",1
"1531"," Simon Dominic",1
"1532"," Sinead Harnett",1
"1533"," SINI YASEMIN",1
"1534"," Sinterklaasliedjes",20
"1535"," Siri",1
"1536"," Sisqo",1
"1537"," Sivas",2
"1538"," Skepta",3
"1539"," Skinny Days",2
"1540"," Skinz",1
"1541"," Skítamórall",1
"1542"," Skrapz",2
"1543"," Skusta Clee",1
"1544"," Skylar Grey",2
"1545"," Skylar Grey - Kaskade's V.4",1
"1546"," Sleiman",1
"1547"," Slim Jxmmi",1
"1548"," Slim Jxmmi - From Swaecation",1
"1549"," Smack",2
"1550"," SMJÖRVI",1
"1551"," Smokepurpp",2
"1552"," Snoop Dogg",10
"1553"," Snøw",1
"1554"," So11",1
"1555"," Soco Francis",2
"1556"," Sofia Reyes",1
"1557"," Sofia Zida",1
"1558"," Sofiane",5
"1559"," Solonen",1
"1560"," SonaOne",1
"1561"," Sonny",1
"1562"," Sophie",1
"1563"," Sophie Simmons",1
"1564"," Sorriso Maroto - Ao Vivo",1
"1565"," Sosamann",1
"1566"," Soufian",2
"1567"," Soufiane Eddyani",1
"1568"," Spekti",1
"1569"," Spencer Ludwig",1
"1570"," Spens",1
"1571"," Spitakci Hyko",1
"1572"," SSIO",1
"1573"," St. South",1
"1574"," Stanaj",2
"1575"," Starley",1
"1576"," Starr Chen",1
"1577"," Static Major",1
"1578"," Steinar",1
"1579"," Stepa",2
"1580"," Stepz",3
"1581"," Stevie Nicks",1
"1582"," Stevie Wonder",1
"1583"," Sticks",1
"1584"," Sticky M.A.",1
"1585"," STIG",3
"1586"," Stig Dogg",1
"1587"," Stonefox - Edit",1
"1588"," STORi",1
"1589"," Strapo",3
"1590"," Stromae",1
"1591"," Studenti per Caso]]",1
"1592"," Stuff Smith",1
"1593"," Styles P",1
"1594"," Suboi",1
"1595"," Summer Cem",4
"1596"," Sverrir Bergmann",1
"1597"," Swae Lee",8
"1598"," Swarmz",1
"1599"," Swizz Beatz",2
"1600"," SXTN",1
"1601"," Syd",1
"1602"," Sylvia Mwenze",1
"1603"," SZA",2
"1604"," SZK",1
"1605"," T-Jay",1
"1606"," T-Pain",1
"1607"," T-Shyne",1
"1608"," Tabitha",2
"1609"," Taburete",1
"1610"," Taco Hemingway",1
"1611"," Tahribad-i Isyan",1
"1612"," Takeoff",1
"1613"," Talay Riley - Harder Intro Edit",1
"1614"," Tali",1
"1615"," Tate Tucker",1
"1616"," Tauski",1
"1617"," Taylor Swift",1
"1618"," Tedua",3
"1619"," Teflon",1
"1620"," Teflon Brothers [Vain elämää kausi 8]",1
"1621"," Tekno",1
"1622"," Tempo",1
"1623"," Teri Blitzen",1
"1624"," Tessa",1
"1625"," tha Supreme - prod. tha Supreme",1
"1626"," Thantri",1
"1627"," The Dubliners",1
"1628"," The Flexican",2
"1629"," The NGHBRS",1
"1630"," The Night Game",1
"1631"," The Night Game - The Him Remix",1
"1632"," The Puppini Sisters",2
"1633"," The Puppini Sisters - Bonus Track",1
"1634"," The Rasmus [Vain elämää kausi 9]",1
"1635"," The Weeknd",5
"1636"," The Weeknd - From SR3MM",1
"1637"," The-Dream",1
"1638"," THEMXXNLIGHT",1
"1639"," Thief",1
"1640"," Thomas Rusiak",1
"1641"," Thrife",1
"1642"," Thriving Ivory",1
"1643"," Tiavo",1
"1644"," Tiger JK",1
"1645"," Timbaland",3
"1646"," Timbuktu - Recorded at Spotify Studios Stockholm",1
"1647"," Tinashe",2
"1648"," Tinie Tempah",1
"1649"," TIPPA",1
"1650"," Tippa-T",3
"1651"," Tiziano Ferro",2
"1652"," Tobi",1
"1653"," Tom Grennan",1
"1654"," Tom Noah",1
"1655"," Tom Rosenthal",1
"1656"," Tom Walker",2
"1657"," Tommaso Paradiso",1
"1658"," Tommaso Paradiso e Elisa",1
"1659"," Tommi Läntinen",1
"1660"," Tommy",1
"1661"," Tommy - Bonustrack",1
"1662"," Tony Effe",1
"1663"," Tony M",1
"1664"," Tory Lanez",5
"1665"," Tough Love",1
"1666"," Touko",1
"1667"," Tove Lo",3
"1668"," Tove Lo and ALMA",1
"1669"," Tove Styrke",1
"1670"," Towy",1
"1671"," Trace Nova",1
"1672"," Tracy T",1
"1673"," Travis Barker",1
"1674"," Travis Scott",15
"1675"," Travis Scott - From SR3MM",1
"1676"," Trettmann",3
"1677"," TrifeDrew",1
"1678"," Trippie Redd",11
"1679"," Tropkillaz",1
"1680"," Tropkillaz e DJ Yuri Martins",1
"1681"," Troyse",1
"1682"," Tsunami",1
"1683"," Tuantigabela$",1
"1684"," Tunji Ige",1
"1685"," Ty Dolla $ign",16
"1686"," TY Dolla $ign",1
"1687"," Ty.",1
"1688"," TY1",1
"1689"," Tyga",2
"1690"," Uffie",1
"1691"," Ufo361",1
"1692"," Ufo361 - Ufo361 Remix",1
"1693"," Ugo Borghetti",2
"1694"," Unge Ferrari",2
"1695"," Unnsteinn",2
"1696"," Urias",1
"1697"," Vald",2
"1698"," Vale Lambo",2
"1699"," Valerie Broussard",1
"1700"," Vargas",2
"1701"," Vato 18k",1
"1702"," Vegas Jones",4
"1703"," Venerus",1
"1704"," Vera Blue",1
"1705"," Veronica",1
"1706"," Versace Henrik",2
"1707"," Vesala",2
"1708"," Vesta",2
"1709"," Veysel",1
"1710"," Veysel - RMX",1
"1711"," VG+",1
"1712"," Vic Mensa",1
"1713"," Vic9",2
"1714"," Victor Démé [Original Mix]",1
"1715"," Viktor Sheen",1
"1716"," VilleGalle",2
"1717"," Vince Staples",2
"1718"," Vins",2
"1719"," Vita",1
"1720"," Vitaa",1
"1721"," Wads.png",1
"1722"," Wafande",1
"1723"," Wafia",1
"1724"," Wale - Remix",1
"1725"," Wales",1
"1726"," Wande Coal",1
"1727"," Wanz",1
"1728"," Wason Brazoban",1
"1729"," Wax and Herbal T [Ofenbach vs. Lack Of Afro] - Ofenbach vs. Lack Of Afro",1
"1730"," Webb",2
"1731"," Wesley Safadão - Ao Vivo",1
"1732"," Why Don't We",1
"1733"," Wicca Phase Springs Eternal",1
"1734"," Willie Peyote",1
"1735"," Willy William",1
"1736"," Winona Oak",1
"1737"," Wisin",5
"1738"," Wiz Khalifa",6
"1739"," Wizkid",1
"1740"," WizKid",4
"1741"," Wolfine",1
"1742"," Wolter Kroes",1
"1743"," Wrabel",1
"1744"," Wretch 32",1
"1745"," Wretch 32 - Interlude",1
"1746"," Wyclef Jean",1
"1747"," WYNNE",1
"1748"," X Ambassadors",2
"1749"," Xantos",1
"1750"," XATAR",1
"1751"," XAXO",1
"1752"," XXXTENTACION",4
"1753"," XZT",1
"1754"," Y$K",1
"1755"," Yade Lauren",2
"1756"," Yandel",3
"1757"," Yaro",1
"1758"," Yasin",1
"1759"," Yasmine Yamajako",1
"1760"," YBN Cordae",1
"1761"," YBN Cordae - Remix",1
"1762"," Yellow Claw",1
"1763"," Yemil",3
"1764"," YG",3
"1765"," Ylioppilaskunnan Laulajat",1
"1766"," Yoel905",1
"1767"," Yomel",1
"1768"," Yomil",1
"1769"," Yonii",2
"1770"," Young Dolph",1
"1771"," Young Ellens",3
"1772"," Young Noah",1
"1773"," Young Nudy",1
"1774"," Young Nudy - Notice Me",1
"1775"," Young Scooter",2
"1776"," Young Thug",9
"1777"," YoungBoy Never Broke Again",2
"1778"," Ysy A",1
"1779"," Yung Bans",1
"1780"," Yung Felix",1
"1781"," Yung Gold",1
"1782"," Yung Pinch",1
"1783"," Yungen",1
"1784"," Yungen]",1
"1785"," Yxng Bane",2
"1786"," Yzomandias",2
"1787"," Zack Ink",3
"1788"," Zara Larsson",3
"1789"," Zara Larsson - Acoustic Version",1
"1790"," Zara Larsson - Cash Cash Remix",1
"1791"," Zara Larsson - Official Song UEFA EURO 2016",1
"1792"," Zara Larsson - R3hab Remix",1
"1793"," Zara Larsson (Official Song UEFA EURO 2016)",1
"1794"," Zayo",1
"1795"," Zebra Katz",2
"1796"," Zefanio",3
"1797"," Zenon Pereyra",1
"1798"," Zhavia Ward - from Deadpool 2",1
"1799"," Zion",10
"1800"," Zion Y Lennox",1
"1801"," Zion.T",1
"1802"," Zmrd",2
"1803"," Zuna",1
"1804"," Þórdís Björk",1
"1805"," ぼくのりりっくのぼうよみ",1
"1806"," 側田",2
"1807"," 小宇",1
"1808"," 山田孝之",1
"1809"," 岑寧兒",1
"1810"," 張志明",1
"1811"," 張智成",1
"1812"," 張震嶽",1
"1813"," 張靚穎",1
"1814"," 方大同",1
"1815"," 春艷",1
"1816"," 林宥嘉",1
"1817"," 消除聯萌",1
"1818"," 王嘉爾",1
"1819"," 王心凌",1
"1820"," 王艷薇",1
"1821"," 王蕾",1
"1822"," 田蕊妮",1
"1823"," 萬芳 (緊扣《誰先愛上他的》電影歌曲)",1
"1824"," 秦四風",1
"1825"," 米津玄師",1
"1826"," 莫安琪",1
"1827"," 蔡依林",1
"1828"," 蛋堡Soft Lipa",1
"1829"," 衛蘭",1
"1830"," 衛詩",1
"1831"," 袁婭維",1
"1832"," 袁婭維 - 中文版",1
"1833"," 陳柏宇",1
"1834"," 高爾宣",1
"1835"," 魏如萱",2
"1836","112",1
"1837","2 Chainz",3
"1838","21 Savage",1
"1839","3robi",6
"1840","50 Cent",1
"1841","Abdi",1
"1842","Abdi - Bonustrack",1
"1843","Abidaz",1
"1844","Adis",1
"1845","Adolfo Celdran",1
"1846","Afrojack",1
"1847","AJ Tracey",1
"1848","AJR",1
"1849","AK Ausser Kontrolle",1
"1850","AK Ausserkontrolle",1
"1851","Akon",1
"1852","Almighty - Remix",1
"1853","Almighty]",1
"1854","Anne-Marie",1
"1855","Anne-Marie - End Of The World Remix",1
"1856","Anuel Aa",1
"1857","Anuel AA",1
"1858","Arcangel",2
"1859","Arcángel",1
"1860","Arnar",1
"1861","Asap Vergi",1
"1862","Ashoo",1
"1863","Axos",1
"1864","B",2
"1865","Baby Rasta y Gringo",1
"1866","Baby Rasta]",1
"1867","Badazz Luck",1
"1868","Bartofso",1
"1869","Bausa",1
"1870","Bausa - Bonustrack",1
"1871","Baviera",1
"1872","Bebe Rexha",1
"1873","Beenie Man - Radio Edit",1
"1874","Big Sean",1
"1875","Boef",3
"1876","Bok Nero",1
"1877","Bolemvn",1
"1878","Bonez MC",1
"1879","Brace",1
"1880","Brahim Darri",1
"1881","Branco",1
"1882","Brenk Sinatra",1
"1883","Broski",1
"1884","Bryant Myers",2
"1885","Bryson Tiller",1
"1886","Brytiago]",1
"1887","Cadet",1
"1888","Capital Bra",2
"1889","Capo Plaza",1
"1890","Captain MacKay",1
"1891","Cardi B",1
"1892","Cegıd",1
"1893","Chacal",1
"1894","Charli XCX",1
"1895","Chicago Children's Choir",1
"1896","CHO",1
"1897","Chronixx",1
"1898","Chuckie",1
"1899","Cláudia Leitte",1
"1900","Clementino",1
"1901","Cleopatra",1
"1902","CNCO - Remix",1
"1903","Colors",1
"1904","Cosculluela",1
"1905","Crush",1
"1906","Curren$y / Where is the Love",1
"1907","CVBZ",1
"1908","CVBZ - Party Pupils Remix",1
"1909","d (feat. 21 Savage",1
"1910","D Double",1
"1911","D33J",1
"1912","Dan Caplen",2
"1913","Dan Caplen - AJR Remix",1
"1914","Dan Caplen - R3hab Remix",1
"1915","Daniel Wilson",1
"1916","Darell",1
"1917","Darell]",1
"1918","Davido",1
"1919","De La Ghetto",2
"1920","Deedz B",2
"1921","Demarco Flamenco",1
"1922","Denzel Curry",1
"1923","Diego - Ao Vivo",1
"1924","Digital Farm Animals",1
"1925","Dizzee Rascal",1
"1926","DJ Luian",1
"1927","DJ Snake",1
"1928","DJ Yuri Martins",1
"1929","Dopebwoy",2
"1930","Døves",1
"1931","Drake (Bonus)",1
"1932","Drechter",1
"1933","DrefGold",2
"1934","Drew Love",1
"1935","Duane Harden",2
"1936","Dubosky",1
"1937","Duke",2
"1938","Ego",1
"1939","EK - L1 Remix",1
"1940","El Alfa",1
"1941","El Dany",1
"1942","El Micha",1
"1943","El Tachi",1
"1944","Elettra Lamborghini - RMX",2
"1945","Elias Abbas",1
"1946","Elliphant",1
"1947","Eno",1
"1948","Ensi",1
"1949","Eric Nally",1
"1950","Eves Laurent",1
"1951","Eye-N-I",1
"1952","Fabri Fibra",2
"1953","Falsetto",2
"1954","Farruko",2
"1955","Farruko]",1
"1956","feat. Santell",1
"1957","Fede",1
"1958","Federica Abbate",1
"1959","Fekky",1
"1960","Fetty Wap",2
"1961","Fido",1
"1962","First Aid Kit]",1
"1963","Flames",1
"1964","Flo Rida",1
"1965","Floni",1
"1966","Foreign",1
"1967","Francis",1
"1968","Franco126",1
"1969","French Montana",1
"1970","Frenetik&Orang3",2
"1971","Frenna",1
"1972","Frsh",1
"1973","FS Green",1
"1974","FS Green] - feat. Busy Signal",1
"1975","Fuse ODG - Remix",1
"1976","Future",1
"1977","Gadiel]",1
"1978","Gemitaiz",3
"1979","Gers Pardoel",1
"1980","Gilli",2
"1981","Gucci Mane",1
"1982","Gucci Mane - Gucci Mane Edit",1
"1983","Gunna",2
"1984","Gzuz",2
"1985","H-Magnum",1
"1986","Hak Baker",1
"1987","Hanybal",1
"1988","Hasan",1
"1989","Hedegaard",1
"1990","Heikki Kuula",1
"1991","Helgi A",2
"1992","Helian Evans",1
"1993","HIDE(GReeeeN",1
"1994","Hidra",1
"1995","Hosai",1
"1996","Hrdlorez Boris",1
"1997","I am Aisha",1
"1998","Idaly",1
"1999","Iliass",2
"2000","Imani Vonshà",1
"2001","Imenella",1
"2002","Infinit",1
"2003","Ir Sais",1
"2004","Ismo",1
"2005","Istala Remix 2017",1
"2006","J Balvin",1
"2007","J Balvin - Lucas",1
"2008","J-Boy",1
"2009","J2K",1
"2010","Jamie Principle",1
"2011","Jang Yi-jeong of HISTORY",1
"2012","Jay",1
"2013","Jay Z",1
"2014","Jesper Jenset",1
"2015","Jidenna",1
"2016","JonFx (feat. Jovi Rockwell",1
"2017","JonFx)",1
"2018","Jonna Fraser",2
"2019","Joshi Mizu",1
"2020","Josylvio",2
"2021","Joy",1
"2022","Jroa",1
"2023","Juanka El Problematik",1
"2024","Juanka]",1
"2025","Juhn",1
"2026","Juju - Remix",1
"2027","Julimar Santos",1
"2028","Juno",1
"2029","Justin Quiles",2
"2030","Kali Uchis",1
"2031","Kanye West",1
"2032","Karlo",1
"2033","Kauan",1
"2034","Kauan - Ao Vivo",1
"2035","Kelela",1
"2036","Kelly Rowland",1
"2037","Kempi",1
"2038","Kesi",1
"2039","Kevcody",1
"2040","Kevin Roldan - Remix",1
"2041","Killstation",1
"2042","Kippie",1
"2043","Klave",1
"2044","Kojo Funds]",1
"2045","Kranium",2
"2046","Kranium]",1
"2047","Kube",1
"2048","Kucka",1
"2049","Kwaamoody",1
"2050","Kyary Pamyu Pamyu",1
"2051","KYLE",1
"2052","La Kikada",1
"2053","La Materialista",1
"2054","La Rabia 24",1
"2055","La Sabiduria",1
"2056","Lagola",2
"2057","Lamix",2
"2058","Lange Frans",1
"2059","Lary Over",1
"2060","Lean",1
"2061","Lennox",4
"2062","Lennox]",2
"2063","Lil Baby",1
"2064","Lil Baby - Remix",1
"2065","Lil Baby]",1
"2066","Lil Debbie",1
"2067","Lil Wayne",2
"2068","Lil Wayne - Remix",1
"2069","Lil Wayne - Tujamo Remix",1
"2070","Lil Yachty",3
"2071","Lily Allen",1
"2072","Livid",1
"2073","Lobo",1
"2074","Los Gigantes",1
"2075","Louis",1
"2076","LouiVos",1
"2077","Luis Fonsi",1
"2078","M.O.030",1
"2079","Mack Maine",1
"2080","Madman",1
"2081","MagnusTheMagnus",1
"2082","Mahku",1
"2083","Majk Spirit",1
"2084","Mambo Kings",1
"2085","Maniak",1
"2086","Mansa",1
"2087","Mansionair",1
"2088","Manuel Agnelli",1
"2089","Maraisa - Ao Vivo",1
"2090","mark b - Remix",1
"2091","Marracash",1
"2092","Master Kato",1
"2093","Matoma",1
"2094","Mattaman",1
"2095","Mavy",1
"2096","MAX",1
"2097","MC Kevin o Chris",1
"2098","MC Neat",1
"2099","MC ZUKA",1
"2100","Meechy Darko",1
"2101","MellemFingaMuzik",4
"2102","Metro Boomin",1
"2103","Migos",2
"2104","Miguel Duarte",1
"2105","Miky Woodz",1
"2106","Miky Woodz]",1
"2107","Mimi",1
"2108","MIST",1
"2109","MØ",1
"2110","Mo Temsamani",1
"2111","MocroManiac",1
"2112","Moozlie",1
"2113","Mr Eazi",1
"2114","Ms D",1
"2115","Mugeez",1
"2116","Mula B",4
"2117","Murda Beatz",1
"2118","Mwuana",1
"2119","Namika",1
"2120","Nan2 el maestro de las melodias]",1
"2121","Nash",1
"2122","NAV",1
"2123","Ñejo]",1
"2124","Neo Pistea",1
"2125","Neries",1
"2126","Nicki Minaj",1
"2127","Nik Tendo",1
"2128","Nile Rodgers - Radio Edit",1
"2129","Nimo",1
"2130","Noriel",1
"2131","Not3s",2
"2132","Nupi",1
"2133","Offset",6
"2134","Oh Wonder - Remix",1
"2135","Oli",1
"2136","Omar Noir",1
"2137","Opa Norma",1
"2138","Oskar Linnros",1
"2139","Pabllo Vittar",2
"2140","Paloma Ford",1
"2141","Paul Rey",1
"2142","Payman",1
"2143","Pedar Poy",1
"2144","Pharrell - From Jxmtro",1
"2145","Philipe",1
"2146","Phresher - Remix",1
"2147","Pilgaard",1
"2148","Plan B]",1
"2149","Play69 - Bonustrack",2
"2150","Playboi Carti",1
"2151","PnB Rock",1
"2152","Poke",1
"2153","Pollorique",1
"2154","Preme",1
"2155","Prynce",1
"2156","Puff Daddy - 2014 Remastered Version",1
"2157","Puritano",1
"2158","Pusha T",1
"2159","Quavo",3
"2160","Quavo - Bad Bunny Remix",1
"2161","Quentin40",1
"2162","Rae Sremmurd",1
"2163","Raul Midon",1
"2164","RAY BLK",1
"2165","red in the Walt Disney Pictures' ""A WRINKLE IN TIME""",1
"2166","Reykon - Remix",1
"2167","Rich the Kid",1
"2168","Rich The Kid",3
"2169","Rick Ross",1
"2170","Rick Versace",1
"2171","RIKI",1
"2172","ring 5 Seconds of Summer",1
"2173","ring Eddy Herrera",1
"2174","ring Mavis Staples",1
"2175","Rob Curly",1
"2176","Robinho",1
"2177","Rolf Sanchez",1
"2178","Romy Dya",1
"2179","Ronnie Flex",2
"2180","Ruma",1
"2181","SALU",1
"2182","SAMI",1
"2183","Sammy",1
"2184","SAMY",1
"2185","SANNI",1
"2186","Santigold",1
"2187","Sean Paul",1
"2188","Seksikäs-Suklaa",1
"2189","Setä Tamu",1
"2190","Sevn Alias",3
"2191","Seyed - Remix",1
"2192","Sfera Ebbasta",1
"2193","Shaggy",1
"2194","Shane Moyer",1
"2195","Shanee",2
"2196","Shelow Shaq]",1
"2197","Shy Glizzy",1
"2198","Shy Martin",1
"2199","Sid",1
"2200","Siles",1
"2201","Sipo",1
"2202","Skepsis",1
"2203","Skizzy Mars",1
"2204","Skrillex",1
"2205","Skusta Clee",1
"2206","Sligg",1
"2207","Slim Mill",1
"2208","Slimane",1
"2209","Snoop Dogg",1
"2210","Snoop Dogg - Nightfall Remix",1
"2211","Social House",1
"2212","SOPHIE",1
"2213","Soufiane Eddyani",1
"2214","Special Beatz",1
"2215","Spens",1
"2216","Station Wagon P",1
"2217","Stefflon Don",2
"2218","Steve Remix",1
"2219","Stina Talling",1
"2220","SUBI",1
"2221","Suikon Blaz AD",1
"2222","Super Janne",1
"2223","Swae Lee",1
"2224","Swifta Beater",1
"2225","T-Pain",2
"2226","Tappara Fan Club",1
"2227","Taranchyla",1
"2228","Tempo",1
"2229","tha Supreme",1
"2230","The Last Artful",1
"2231","The Lights",1
"2232","The Night Skinny",2
"2233","The-Dream",1
"2234","Tinashe",1
"2235","TINI - Remix",1
"2236","Tion Wayne",1
"2237","TIPPA",1
"2238","TK Kravitz",1
"2239","Toko",1
"2240","Tory Lanez",1
"2241","Towkio",1
"2242","Travis Barker",1
"2243","Travis Scott",1
"2244","Travis Thompson",1
"2245","Trey Songz",1
"2246","Trouble Gang",1
"2247","Ty Dolla $ign",4
"2248","Ty Dolla $ign - Remix",1
"2249","Tyga",1
"2250","Valdimar Guðmundsson",1
"2251","Valsbezig",1
"2252","Velo de Oza",1
"2253","Vic 9",1
"2254","Villano Sam]",1
"2255","Vr",1
"2256","WAWA",1
"2257","Wawy",1
"2258","Whethan",1
"2259","Willy William",1
"2260","Willy William - R3HAB Remix",1
"2261","Wisin",1
"2262","WizKid",1
"2263","Y$K",1
"2264","YEBBA",1
"2265","Yeezuz2020",1
"2266","Yen Dough",1
"2267","YG",1
"2268","YL",1
"2269","YONII",1
"2270","Young Dolph",1
"2271","Young Tapz",1
"2272","Young Thug",2
"2273","YoungBoy Never Broke Again",1
"2274","Yung Nnelg",1
"2275","YUZI",1
"2276","Yxng Bane",1
"2277","Yzomandias]",1
"2278","Zayo]",1
"2279","Zebra Katz",1
"2280","Zefanio",1
"2281","Zeze",1
"2282","ZieZie",1
"2283","Zion]",1
"2284","加藤ミリヤ&SHUN",1
"2285","李杰明",1
"2286","王倩倩",1
"2287","王詩安",1
